Name,Brand Name,Price
CA16NW06000G,Payne,$297
KFADG0101LRG,CARRIER,$936
CPMANDPR007A00,CARRIER,$541
AGABLRJMP10A,CARRIER,$923
DFC4A309J1B,CARRIER,$690
12X20X1-M10-C-P4_1,CARRIER,$650
TVA925GKA,TEMPSTAR CAN,$469
CAPVU2417ALA,Bryant,$507
38MVRAQ18AA3,Bryant,$401
WCA4184GKA,CARRIER,$956
CCA724GKA,Midea,$343
PHR560000KTP0A,COMFORTMAKER JOHNSTONE US,$937
PHR560000KAD0A,COMFORTMAKER CAN,$544
UVLCR2LP1020,HEIL US,$466
24ANB148A003,TEMPSTAR US,$754
HVA937GKA,AIRQUEST US,$782
38MARBQ18AA3,DAYAND NIGHT COMMERCIAL US,$740
24ANB136A003,AIRQUEST US,$368
ERVCRSVB1100,Bryant,$243
TVA948GKA,COMFORTMAKER US,$774
C4A418GKA,CARRIER,$644
GZ024SXXNXXX1XX1,KEEPRITE US,$502
GZ072SXXNDXX1XX1,HEIL US,$222
GZ060SXXNXXX1XX1,KEEPRITE US,$269
GZ048SXXNXXX1XX1,Midea,$840
GC060VTRNXET1XX1,CARRIER,$681
DGAPAXX1620,Bryant,$481
EB-STATE5BR-01,DAYAND NIGHT COMMERCIAL US,$372
FV4CNF003L00,TEMPSTAR CAN,$723
HUMCRLBP2417,CARRIER,$981
FEM4P2400A,Bryant,$940
CSA660GKB,Bryant,$646
CAECOMZR002B00,Bryant,$178
CNPVP3014ALA,Bryant,$421
PA13NA030001,Bryant,$295
T2-PHP01-A,Bryant,$893
820SA66110V24,Bryant,$843
187BNA060000,Bryant,$244
180CNV048000,Bryant,$870
915SA60140S24,COMFORTMAKER US,$378
926TB48080V17,Payne,$222
915SB60100E21,COMFORTMAKER CAN,$934
801SA48090E21,Payne,$123
189BNV025000,Generic,$516
987MB60060C21,Payne,$262
577CNWC30060N-TP,Bryant,$594
577CNWE24040N-TP,Bryant,$721
619PEQ012BBMA,Bryant,$273
800SA48090E21,Bryant,$922
214DNA036P00,Bryant,$226
577CNWC30060--GP,Bryant,$557
126BNA048000,Bryant,$893
880TA48070C17,Bryant,$197
189BNV048000,Bryant,$574
577CNWE36090--TP,Bryant,$643
880TA60110C21,Bryant,$667
124ANS036000,Bryant,$108
187BNA024000,Bryant,$656
113ANA024BN0,Bryant,$295
215BNA048B00,Bryant,$492
619PEQ030BBMA,Bryant,$572
810SA36070E14,Bryant,$185
123ANA0480N0,Bryant,$782
T2-NHP01-A,Bryant,$957
288BNV025000,Bryant,$784
T2-NAC01,Bryant,$183
912SD36060E14,Bryant,$713
830SA60080E21,Bryant,$570
186BNA030000,Bryant,$576
619PHAQ09XA3,Bryant,$258
800SA36070E17,Bryant,$477
114CNA060000,Bryant,$990
811SA48090E21,Bryant,$804
224ANS024000,Bryant,$832
FB4CNF024L00,Bryant,$426
CAPMP4321ALA,Bryant,$390
FB4CNF042L00,Bryant,$140
CPLPCONV013C00,Bryant,$572
KFCEH2401C05,Bryant,$203
FB4CNP036L00,Bryant,$331
CSPHP4812ALA,Bryant,$372
CSPHP2412ALA,Bryant,$688
FB4CNF018L00,Bryant,$596
CNPVT6024ALA,Bryant,$630
CA14NA03000G,Payne,$492
38MGRQ24C--3,Payne,$194
CNPVP6024ALA,Payne,$692
CNPVP1814ALA,Payne,$982
CA14NA01800G,Payne,$914
24ACA436C003,Payne,$679
284ANV024000,Payne,$860
24ABB342A006,Payne,$522
25VNA036A003,Payne,$224
24ACA442C003,Payne,$357
24ACC424A003,Payne,$144
24VNA936A003,Payne,$621
CH14NB042P0G,Payne,$618
24ANB748A003,Payne,$949
59SC2D100E21--20,Payne,$964
59SC5B080E17--16,Payne,$637
25VNA824B003,CARRIER,$482
58STA045---1--08,Bryant,$818
58TN0A090C21--20,CARRIER,$489
48VLNE360603-TP,CARRIER,$726
58SB0A090E21--16,CARRIER,$173
58CTW110---1--22,CARRIER,$602
50VL-C60---3-TP,CARRIER,$345
58TP0A110V21--22,CARRIER,$207
40MAQB36B--3,CARRIER,$648
25VNA837A003,CARRIER,$948
58TN1A110C21--20,CARRIER,$936
CH14NB04200G,CARRIER,$454
PF4MNA036L00,CARRIER,$710
PY4GNAB60115--TP,CARRIER,$216
PG80ESAA48070C,CARRIER,$889
PY4GNAE24060N-TP,CARRIER,$841
PH14NB018P00,CARRIER,$686
PG92ESAA42060B,CARRIER,$252
PY4GNAB30060--TP,CARRIER,$271
PY4GNAE30060N,CARRIER,$897
PG80ESAA60155D,CARRIER,$771
PG8MAA024045,CARRIER,$198
PG8JAA042090,CARRIER,$280
PG96VTAA48080B,Payne,$828
PG95SAS42100C,Payne,$442
PH15NB02400G,Payne,$979
PA14NC04200G,Payne,$499
PY4GNAE42090N-TP,Payne,$231
PA13NA018BNG,Payne,$535
PY4GNAB36060N,Payne,$525
PA14NC04800G,Payne,$859
PH14NB030P0G,Payne,$398
PA13NA0420N0,Payne,$731
PA13NA036000,Payne,$151
PA15NC06000G,Payne,$591
PH4GNAB36000--TP,Payne,$575
PY4GNAE24060--TP,Payne,$719
PG8MAA048110,Payne,$342
PY4GNAE48090N-TP,Payne,$127
PA15NC048000,Payne,$850
PY4GNAE30040N-TP,Payne,$907
PG92ESAA60100C,Payne,$806
PG80ESUA48060B,Payne,$364
PG95ESAA48080B,Payne,$293
PA15NC02400G,Payne,$656
PH14NB042000,Payne,$665
PG80ESUA60100C,Payne,$595
PY4GNAB48090N-TP,Payne,$740
PA15NC024000,Payne,$729
PH14NB042P00,Payne,$298
PG92ESAA30040A,Payne,$680
PG95ESUA60100C,Payne,$641
PY4GNAB60090N,Payne,$669
PA13NA03000G,Payne,$630
PG95ESAA60080C,Payne,$206
PA13NA060000,Payne,$581
PA14NC024000,Payne,$934
PG92ESAA60080C,Payne,$175
PG8JAA066110,Payne,$539
PG8MAA048135,Payne,$982
PA14NC02400G,Payne,$910
PA14NC03600G,Payne,$459
PF4MNP042L00,Payne,$255
PA13NA0420NG,Payne,$693
PY4GNAE24040N-TP,Payne,$121
PG8MAA066110,Payne,$335
PG92ESAA36060A,Payne,$306
PA13NA01800G,Payne,$764
PH14NB048000,Payne,$812
PA16NA06000G,Payne,$664
PF4MNP018L00,Payne,$991
PA16NA04800G,Payne,$515
PG95SAS60080C,Payne,$675
PY4GNAB60090N-TP,Payne,$378
PY4GNAB48115--TP,Payne,$572
PG9MAB048100,Payne,$487
PG96VAT48080B,Payne,$794
PH16NC06000G,Payne,$520
PH15NB04800G,Payne,$762
PA13NA030BNG,Payne,$243
PF4MNB049L00,Payne,$238
PG80ESLA36070A,Payne,$971
PG80ESLA42090B,Payne,$693
PY4GNAE36090N-TP,Payne,$821
PY4GNAE42090--TP,Payne,$492
PG80ESAA42090B,Payne,$485
PG80ESAA48090C,Payne,$472
PG80ESLA48090C,Payne,$560
PA15NC018000,Payne,$218
PY4GNAB30040N,Payne,$168
PY4GNAE36060N-TP,Payne,$184
PF4MNP036L00,Payne,$128
PG92ESAA36040B,Payne,$914
PG80ESLA60110C,Payne,$647
PA14NC048000,Payne,$783
PG80ESAA36070B,Payne,$199
PY4GNAE42090N,Payne,$215
PH4GNAB36000,Payne,$221
PG80ESUA60080C,Payne,$718
PG80ESAA60135D,Payne,$991
PA16NA02400G,Payne,$773
PA13NA03600G,Payne,$332
PG95SAS42060B,Payne,$844
PA16NA04200G,Payne,$559
PH15NB03000G,Payne,$165
PY4GNAE42060N,Payne,$776
PA14NC036000,Payne,$428
PA14NC03000G,Payne,$221
PH14NB04800G,Payne,$596
PH14NB06000G,Payne,$660
PY4GNAB42060N-TP,Payne,$878
PG80ESAA36070A,Payne,$382
PH14NB042P0G,Payne,$522
PY4GNAE48090N,Payne,$986
PF4MNP025L00,Payne,$463
PA14NC042000,Payne,$579
PY4GNAE36090--TP,Payne,$706
PA13NA024BNG,Payne,$670
PH14NB060P0G,Payne,$132
PH14NB048P0G,Payne,$774
PH14NB048P00,Payne,$577
PH14NB036000,Payne,$984
PG8MAA036110,Payne,$194
PG96VTAA42060B,Payne,$649
PG95SAS48080B,Payne,$220
PH4GNAB60000,Payne,$784
PG8MAA036070,Payne,$430
PG92SCS60120D,Payne,$749
PY4GNAE48115--TP,Payne,$293
PG92ESAA60120D,Payne,$900
PH14NB01800G,Payne,$683
PY4GNAB36060N-TP,Payne,$1000
PH4GNAB24000,Payne,$793
PH14NB060000,Payne,$967
PH14NB018P0G,Payne,$857
CAPMP2414ALA,Payne,$836
CPLPCONV013B00,Payne,$523
CNPVU3621ALA,Payne,$657
FV4CNF005L00,Payne,$348
EHK3-10B,Payne,$242
FB4CNP018L05,Payne,$704
GZ036SXXCDXX1XX2,Payne,$563
CRHEATER328A00,Payne,$489
CNPVU1814ALA,Payne,$227
FB4CNP036L10,Payne,$590
CNPVU1917ALA,Payne,$814
CNPHP2417ALA,CARRIER,$894
38MAQB36R--3,CARRIER,$108
38MGRQ30D--3,CARRIER,$428
KFCEH3301C20,CARRIER,$624
38MGRQ36D--3,CARRIER,$377
FB4CNP018L00,CARRIER,$550
CNPVU2417ALA,CARRIER,$214
CAPMP6024ALA,CARRIER,$645
CNPVU3617ALA,CARRIER,$826
CNPVP3117ALA,CARRIER,$129
FMA4X2400AL,CARRIER,$579
FE4ANB005L00,CARRIER,$750
40MBCQ12---3,CARRIER,$794
CPHEATER129A02,CARRIER,$335
CA14NA02400G,CARRIER,$265
38MAQB12R--3,CARRIER,$586
FV4CNB003L00,CARRIER,$607
PA13NA024BN0,CARRIER,$253
PY4GNAE60115--TP,CARRIER,$419
PH4GNAB30000,CARRIER,$825
PY4GNAB48090N,CARRIER,$557
PH14NB024P00,CARRIER,$622
PH14NB060P00,CARRIER,$677
PG8JAA024045,CARRIER,$522
PF4MNP060L00,CARRIER,$706
PA14NC060000,CARRIER,$834
PG8JAA036110,CARRIER,$373
PA13NA048000,CARRIER,$731
PG95ESAA42060B,CARRIER,$142
PA13NA04800G,CARRIER,$678
PG80ESAA60110D,CARRIER,$241
PG8JAA060090,Payne,$612
PG80ESLA48070C,Payne,$230
PG95XAT42060B,Payne,$754
PG80ESLA36045B,Payne,$392
PH16NA048P0G,Payne,$829
PH16NC04800G,Payne,$105
PY4GNAC30060N,Payne,$655
PA15NC042000,Payne,$403
PA15NC060000,Payne,$167
PH4GNAB42000--TP,Payne,$152
PA15NC04800G,Payne,$916
PF4MNB031L00,Payne,$774
PA13NA042000,Payne,$787
PH4GNAB24000--TP,Payne,$229
PY4GNAB42090--TP,Payne,$688
PG95ESAA36040B,Payne,$968
PH4GNAB30000--TP,Payne,$176
PY4GNAB30040N-TP,Payne,$763
PA13NA02400G,Payne,$945
PA14NC018000,Payne,$336
PA16NA03600G,Payne,$663
PG8MAA042090,Payne,$383
PA13NA018BN0,Payne,$710
PG8JAA048090,Payne,$697
PA13NA06000G,Payne,$233
PG8MAA024070,Payne,$871
PH14NB036P0G,Payne,$545
PY4GNAB24040N-TP,Payne,$750
PG92SCS48100C,Payne,$984
38MAQB30R--3,Payne,$152
CRECOMZR020A02,Payne,$124
PH4ZNA048000--TP,Payne,$560
CNPVU3717ALA,Payne,$383
EHK3-05B,Payne,$479
40MHHQ12---3,Payne,$744
CAPMP2417ALA,Payne,$374
OVMAAB036098,Payne,$947
CNPHP3117ALA,Payne,$855
CAELHEAT008A00,Payne,$258
38MHRBC24AA3,Payne,$850
CH17NA04800G,Payne,$228
CRHEATER115B00,Payne,$926
CPHEATER127A00,Payne,$983
CAPVU6024ALA,CARRIER,$110
CNPVP2414ALA,CARRIER,$745
OBMAAB042112,CARRIER,$507
CNPHP4221ALA,CARRIER,$640
CAPMP3717ALA,CARRIER,$469
AGAGC9NPS01A,CARRIER,$974
KFCEH3101C15,CARRIER,$465
KFCEH2601C10,CARRIER,$652
40MBCQ01XXX3,CARRIER,$203
PA4ZNA036000--TP,CARRIER,$680
CNPVP3621ALA,CARRIER,$773
CNPVP3717ALA,CARRIER,$429
EHK208B,CARRIER,$834
CPHEATER131A03,CARRIER,$569
PF4MNP048L00,CARRIER,$989
PH14NB018000,CARRIER,$559
PH14NB024000,CARRIER,$187
PA13NA0480NG,CARRIER,$300
PY4GNAB36090N-TP,CARRIER,$219
PA13NA0600NG,CARRIER,$539
PH15NB04200G,CARRIER,$469
PY4GNAB36090--TP,CARRIER,$982
PG8MAA048070,CARRIER,$597
310AAV042090,CARRIER,$946
186CNV036000,CARRIER,$122
38MGRQ48E--3,CARRIER,$130
PH4ZNA060000--TP,CARRIER,$753
PH4ZNA042000--TP,CARRIER,$712
40MBDQ24---3,CARRIER,$561
FX4DNF043L00,CARRIER,$876
CA13NA030BNG,CARRIER,$365
PA4ZNA036000,Payne,$638
CA15NA06000G,Payne,$656
CRHEATER113B00,Payne,$926
40MBCQ18---3,Payne,$809
40MHHC24---3,Payne,$327
CAPVU3621ALA,Payne,$142
CAELHEAT007A00,Payne,$430
CRLVHLGD027A00,Payne,$675
CRADCURB004A00,Payne,$873
TB-NAC01-A,Bryant,$806
SYSTXCCWIC01-B,Bryant,$940
25VNA048A003,CARRIER,$127
33CS2PPRH-03,CARRIER,$154
24ABB348A005,CARRIER,$293
58SB0A110E21--20,CARRIER,$265
24ACC442A003_1,CARRIER,$165
59TN6B060C17--14,CARRIER,$551
25VNA860A003,CARRIER,$480
24VNA036A003,CARRIER,$867
24ACC418A003,CARRIER,$335
40MAQB12B--1,CARRIER,$449
59MN7B100C21--22,CARRIER,$800
24ABB360A006,CARRIER,$193
24AHA436A003,CARRIER,$297
59MN7A100V21--22,CARRIER,$803
58SB0A155E24--20,CARRIER,$125
CH14NB018P0G,CARRIER,$820
58SU0A100E21--20,CARRIER,$519
24ACC630A003,CARRIER,$240
59SC5B100E21--20,CARRIER,$109
50TCQA07A2A5-0A0G0,CARRIER,$399
59SC2D040E17--12,CARRIER,$545
24ANB624A003,CARRIER,$991
CSPHP3612ALA,CARRIER,$877
38MAQB18R--3,CARRIER,$112
CNPHP4821ALA,CARRIER,$449
38MHRBQ12AA3,CARRIER,$100
CPHEATER052A02,CARRIER,$546
CNPVP4824ALA,CARRIER,$251
FX4DNF025L00,CARRIER,$338
FB4CNP025L00,CARRIER,$580
DHMPHAQ12XA3,CARRIER,$367
38MHRBQ09AA3,CARRIER,$325
FX4DNF049L00,CARRIER,$483
CSPHP6012ALA,CARRIER,$468
PA4ZNA060000,CARRIER,$897
CPHEATER126A02,CARRIER,$659
FV4CNB005L00,CARRIER,$541
FMA4P3600AL,CARRIER,$444
CPHEATER066A02,CARRIER,$965
FX4DNF019L00,CARRIER,$157
FFMANP036T00,CARRIER,$798
FB4CNF042000,CARRIER,$363
FFMANP024T00,CARRIER,$128
CNPVU4824ALA,CARRIER,$538
GC072VTLCXET1XX1,CARRIER,$984
CA16NA03600G,CARRIER,$681
CA16NA02400G,CARRIER,$148
38MBRQ48A--3,CARRIER,$162
FB4CNP024L00,CARRIER,$808
FB4CNP042L00,CARRIER,$415
CNPHP6024ALA,CARRIER,$692
CNPHP3617ALA,CARRIER,$585
24ANB724C003,CARRIER,$383
50FC-A05A2A3-0A0A0,CARRIER,$372
UVLCC2LP3020-A05,CARRIER,$122
25HCE442AP03,CARRIER,$938
58TN0A135C24--22,CARRIER,$696
TC-NHP01,CARRIER,$935
48HCED08A2A5-0A0A0,CARRIER,$481
58CU0A080C21--20,CARRIER,$827
SYSTXCCUID01-C,CARRIER,$918
25HCE430A003,CARRIER,$340
24ACC436A003,CARRIER,$524
58SC0A070E17--12,CARRIER,$550
59SC2D120E24--20,CARRIER,$737
58SB0A045E14--12,CARRIER,$704
40MAQB24B--3,CARRIER,$819
59MN7B060C17--14,CARRIER,$772
58TN0A070C14--12,CARRIER,$396
CH14NB048P0G,CARRIER,$555
48VLNE600903-TP,CARRIER,$635
CH14NB06000G,CARRIER,$395
CH14NB024P0G,CARRIER,$530
40RUAA12A2A6-0A0A0,CARRIER,$767
PH14NB030000,CARRIER,$588
PH14NB036P00,CARRIER,$331
PG80ESLA36045A,CARRIER,$238
PF4MNB037L00,CARRIER,$290
PA15NC036000,CARRIER,$656
PA13NA024000,CARRIER,$293
PY4GNAE36060N,CARRIER,$272
PF4MNB043L00,CARRIER,$727
288BNV024B00,CARRIER,$483
912SD60100E21,CARRIER,$210
577CNWE60090N-TP,CARRIER,$522
801SA60155E24,CARRIER,$887
186BNA018000,CARRIER,$999
880TA36070C14,CARRIER,$170
189BNV060000,CARRIER,$392
577CNWE42060N-TP,CARRIER,$767
607CNXC48000--TP,CARRIER,$728
215BNA024000,CARRIER,$866
BA15NA03600G,CARRIER,$879
821TA66110V21,Payne,$420
987MA60080V21,Payne,$329
SYSTXBB4ZC01,Payne,$311
UVLCC2LP3020,Payne,$394
810SA48090E21,Payne,$911
SYSTXBBSMS01-E,Payne,$723
619PEQ024BBMA,Payne,$570
113ANA0600N0,Payne,$911
BH14NB04800G,Bryant,$618
124ANS060000,Bryant,$115
T6-WEM01-A,Bryant,$243
124ANS030000,Bryant,$125
BH14NB036P0G,Bryant,$929
BH14NB030P0G,Bryant,$353
186BNA036000,Bryant,$213
577CNWE36090N-TP,Bryant,$877
577CNWE42090N-TP,Bryant,$566
810SA36045E17,Bryant,$232
CNPVP4221ALA,Bryant,$483
FX4DNF037L00,Bryant,$968
CNPHP3017ALA,Bryant,$129
CA14NA04200G,Bryant,$337
FB4CNF036L00,Bryant,$815
CPHEATER070A02,Bryant,$693
CAPMP3014ALA,Bryant,$790
CNPVT4821ALA,Bryant,$770
FV4CNB006L00,Bryant,$916
CNPHP6124ALA,Bryant,$580
CPHEATER064A02,Bryant,$978
38MPRAQ09AA3,Bryant,$509
CAPVU3014ALA,Bryant,$168
CPHEATER131A02,Bryant,$422
FMU4Z3600AL,Bryant,$334
CPHEATER125A03,Bryant,$921
CNPHP4321ALA,Bryant,$816
CRHEATER114B00,Bryant,$263
CNPVU3014ALA,Bryant,$229
CA13NA018BNG,CARRIER,$361
CPHEATER127A03,CARRIER,$915
40VMW007---3,CARRIER,$547
40VML015---3,CARRIER,$479
CPLPCONV014C00,CARRIER,$786
KFCEH0801N08,CARRIER,$612
CNPVP3017ALA,CARRIER,$321
FB4CNP060L00,CARRIER,$233
KFCEH1601315,CARRIER,$534
FB4CNP048L00,CARRIER,$723
BA15NA04200G,CARRIER,$655
286BNA036000,CARRIER,$681
310JAV048090,CARRIER,$263
288BNV060000,CARRIER,$200
105ANA060000,CARRIER,$208
912SB48080S17,CARRIER,$826
987MB60080C21,CARRIER,$964
214DNA060000,CARRIER,$901
189BNV036000,CARRIER,$314
288BNV048000,CARRIER,$429
105ANA036000,CARRIER,$358
987MB42060C17,CARRIER,$426
880TA60090C21,CARRIER,$564
810SA36070E17,CARRIER,$756
186BNA024000,CARRIER,$625
987MB66120C24,CARRIER,$216
577CNWC24040N-TP,CARRIER,$158
284ANV036000,CARRIER,$362
T1-NHP01,CARRIER,$290
105ANA042000,CARRIER,$360
986TC66100C21,CARRIER,$499
BA13NA036BNG,CARRIER,$662
BA14NA03000G,Bryant,$635
FMA4X1800AL,Bryant,$443
CA14NA06000G,Bryant,$354
FMA4P2400AL,Bryant,$846
CPHEATER052B00,Bryant,$686
FE4ANF002L00,Bryant,$690
OBLAAB060154,Bryant,$128
CPHEATER050A02,Bryant,$618
PH4ZNA024000--TP,Bryant,$268
CAPVU4821ALA,Bryant,$121
PH4ZNA036000--TP,Bryant,$112
40MBDQ12---3,Bryant,$584
FX4DNB049L00,Bryant,$734
CAPVU4221ALA,Bryant,$203
CAPVU2414ALA,Bryant,$181
CNPVU6024ALA,Bryant,$568
PA4ZNA042000--TP,Bryant,$523
CPHEATER052A00,Bryant,$304
PA4ZNA060000--TP,Bryant,$807
CRHPLSIDE01A00,Bryant,$989
CRHEATER326A00,Bryant,$150
CRECOMZR072A01,Bryant,$874
CAPMP2517ALA,Bryant,$148
CRLVHLGD047A00,CARRIER,$414
CRHEATER335A00,CARRIER,$876
CAPMP3614ALA,CARRIER,$469
40MBDQ36---3,CARRIER,$359
OBMAAB060154,CARRIER,$116
CPLPCONV006A00,CARRIER,$496
CNPVT3617ALA,CARRIER,$334
CNPVP2417ALA,CARRIER,$415
38MAQB12R--1,CARRIER,$663
CA14NA04800G,CARRIER,$805
CAPMP6121ALA,CARRIER,$545
40MHHQ18---3,CARRIER,$339
PH4ZNA030000--TP,CARRIER,$602
40MHHQ09---3,CARRIER,$875
CSPHP3012ALA,CARRIER,$241
FV4CNF002L00,CARRIER,$354
CPHEATER064B00,CARRIER,$524
24ABB336ABN3,CARRIER,$176
CH14NB036P0G,CARRIER,$131
50VR-C30---3-TP,CARRIER,$440
24VNA048A003,CARRIER,$933
25HCE436A003,CARRIER,$321
59MN7B080C17--14,CARRIER,$240
25HCE424AP03,CARRIER,$292
50ZHC036---3-TP,CARRIER,$896
GAPABXCC2420,CARRIER,$579
24ANB648A003,CARRIER,$682
25HCE418A003,CARRIER,$109
50TC-M08A2B5-0A0A0,CARRIER,$908
25HBC542A003,CARRIER,$279
24AAA548A003,CARRIER,$346
24VNA024A003,CARRIER,$719
25HCE430AP03,CARRIER,$864
25VNA436A003,CARRIER,$608
50VR-A36---3-TP,CARRIER,$131
59SC5B120E24--22,CARRIER,$728
CAPMP6021ALA,CARRIER,$579
PH4ZNA042000,CARRIER,$764
38MGRQ18B--3,CARRIER,$931
FE4ANB006L00,CARRIER,$186
PH4ZNA048000,CARRIER,$125
CNPVP3617ALA,CARRIER,$588
CNPVP4217ALA,CARRIER,$948
24ANB724A003,CARRIER,$316
UVLCC2LP1020,CARRIER,$582
25HCB636A003,CARRIER,$754
25HNB660C003,CARRIER,$748
SYSTXCCRRS01,CARRIER,$534
24ABC624A003,CARRIER,$885
59SC2D080E21--20,CARRIER,$793
59MN7B060C21--20,CARRIER,$115
25HHA460A006,CARRIER,$624
59MN7A120V24--22,CARRIER,$665
48VL-E360903-GP,CARRIER,$917
48VLNC360603-TP,CARRIER,$197
50FC-A06A2A6-0A0A0,CARRIER,$577
48FCEA06A2A3-0A0A0,CARRIER,$924
59TN6A080V17--14,CARRIER,$795
MMD-AP0120VHG2UL,CARRIER,$556
ZONECC0USI01-B,CARRIER,$862
MML-AP0124H2UL,CARRIER,$294
50VT-C24---3-TP,CARRIER,$649
CH14NB02400G,Payne,$831
59MN7B120C24--22,Payne,$164
25VNA060A003,Payne,$896
25VNA848A003,Payne,$755
CH14NB03000G,Payne,$649
38AUZA08A0A5-0A0A0,Payne,$583
40MAQB12B--3,Payne,$271
SYSTXCC4ZC01,Payne,$590
25VNA448A003,Payne,$567
24ABC648A003,Payne,$628
38AUZA12A0A6-0A0A0,Payne,$152
24VNA960A003,Payne,$155
24AHA430A003,Payne,$821
CSPHP4212ALA,Payne,$489
FB4CNF048L00,Payne,$708
CAPMP3617ALA,Payne,$497
CNPVU2414ALA,Payne,$991
24ANB642A003,Payne,$231
40MPHAQ09XA3,Payne,$752
59MN7A060V17--14,Payne,$193
58SB0A070E14--12,CARRIER,$380
48VL-E240603-TP,CARRIER,$316
33ZCT55SPT,CARRIER,$504
40RUAA25A5A6-0A0A0,CARRIER,$854
24ABB324ABN3,CARRIER,$267
25VNA813A003,CARRIER,$291
50VR-A48---3-TP,CARRIER,$658
TB-PAC01,CARRIER,$457
50TC-D08A2A5-0A0G0,CARRIER,$483
40MAQB30B--3,CARRIER,$399
FB4CNP030L00,CARRIER,$216
CNPVT4221ALA,CARRIER,$888
CA14NA03600G,CARRIER,$686
CAPVU3617ALA,CARRIER,$333
CAPMP4221ALA,CARRIER,$409
FB4CNF030L00,CARRIER,$798
CNPVP4821ALA,CARRIER,$103
CNPVU4821ALA,CARRIER,$991
PH4ZNA036000,CARRIER,$799
CAPMP3017ALA,CARRIER,$625
CNPVU4221ALA,CARRIER,$918
25HCE418C003,CARRIER,$139
25VNA460A003,CARRIER,$505
MMD-AP0360VHG2UL,CARRIER,$195
59SC5B060E14--12,CARRIER,$688
25HNB624A003,CARRIER,$250
59MN7A080V17--14,CARRIER,$140
50FC-A04A2A6-0A0A0,CARRIER,$533
MML-AP0094H2UL,CARRIER,$372
24ABC642A003,CARRIER,$150
24VNA937A003,CARRIER,$862
58SB0A090E21--20,CARRIER,$897
25HCE424C003,Payne,$431
24ABC660B003,Payne,$391
58SB0A090E17--14,Payne,$360
59TN6B100C21--22,Payne,$554
25HCE436AP03,Payne,$509
25HCE460A003,Payne,$491
24ABB348ABN3,Payne,$240
TB-NAC01,Payne,$760
58STA110---1--16,CARRIER,$698
24AHA418A003,CARRIER,$120
59TN6B080C21--20,CARRIER,$802
KFCEH0901N10,CARRIER,$173
FE4ANF003L00,CARRIER,$136
50VL-C36---3-TP,CARRIER,$366
48VL-E481153-TP,CARRIER,$193
24VNA648A003,CARRIER,$916
48VLNE420903-TP,CARRIER,$668
58SC0A110E21--20,CARRIER,$622
58SC0A135E24--20,CARRIER,$415
59TP6B080V21--20,CARRIER,$871
50TCQD12A2A5-0A0G0,CARRIER,$911
24ANB618A003,Payne,$517
24AAA542A003,Payne,$771
48TCED12A2A5-0A0G0,Payne,$817
50TC-D14A2B5-0A0G0,Payne,$987
59TP6B060V17--14,Payne,$242
48VG-E300603-GP,Payne,$449
TP-PAC01,Payne,$149
48VGNE360603-TP,Payne,$820
59SC2D100E21--22,Payne,$525
50TC-D09A2A6-0A0G0,Payne,$392
58SU0A060E17--16,Payne,$370
25HBC548B003,Payne,$307
MMD-AP0240VHG2UL,Payne,$450
48FCEA05A2A5-0A0A0,Payne,$249
58TN0A070C17--16,Payne,$436
CNPVP4324ALA,Payne,$247
FMU4Z2400AL,Payne,$716
FMC4Z2400AL,Payne,$408
KSATX0601HSO,Payne,$908
25HPB630A003,Payne,$745
25HNB636A003,Payne,$222
24ABB330A005,Payne,$710
24ABB330ABN3,Payne,$157
59TN6A080V21--20,Payne,$179
25HCE436A006,Payne,$930
25HCE460A006,Payne,$347
48VLNE420603-TP,Payne,$453
PG80ESLA60135D,Payne,$223
PH14NB02400G,CARRIER,$335
PG80ESUA36040B,CARRIER,$472
PY4GNAB30060N-TP,CARRIER,$201
PA15NC03600G,CARRIER,$426
PA15NC03000G,CARRIER,$478
PY4GNAE30060N-TP,CARRIER,$415
PA15NC030000,CARRIER,$958
PA13NA048BN0,CARRIER,$402
PF4MNB061L00,CARRIER,$810
PG8MAA048090,CARRIER,$233
PG92SBS48080B,CARRIER,$841
PA13NA0600N0,CARRIER,$164
PG95ESAA60100C,CARRIER,$681
PG95ESAA36060A,CARRIER,$441
PH14NB030P00,CARRIER,$214
PA16NA060B0G,CARRIER,$341
CH14NB04800G,CARRIER,$751
40MPHAQ12XA3,CARRIER,$679
48VL-E360903-TP,CARRIER,$865
24ACC460A003,CARRIER,$864
58SB0A070E21--16,CARRIER,$104
CH14NB03600G,CARRIER,$254
25HCE448A003,Payne,$730
24ANB760AB03,Payne,$480
50TC-D12A2A5-0A0G0,Payne,$941
24ABB336A005,Payne,$907
25VNA424A003,Payne,$714
24ANB660A003,Payne,$139
59SC2D060E14--12,Payne,$644
58SB0A135E24--20,Payne,$717
24ABB348A006,Payne,$430
25HBC537AP03,Payne,$466
TC-NAC01-A,Payne,$205
48TCED09A2A5-0A0G0,Payne,$430
TB-PAC01-A,Payne,$475
48TCED16A2A5-0A0G0,Payne,$634
25HNB648A003,Payne,$666
59MN7A080V21--20,CARRIER,$231
38AUZA12A0A5-0A0A0,CARRIER,$116
50VT-C42---3-TP,CARRIER,$242
58TN1A090C21--20,CARRIER,$573
59SC5A060S17--14,CARRIER,$175
25HHA424A003,CARRIER,$659
48FCEA04A2A3-0A0A0,CARRIER,$343
TB-PAC01-A-S1,CARRIER,$952
24ABB342A005,CARRIER,$119
TP-WEM01-A,CARRIER,$930
105ANA018000,CARRIER,$432
38MARBQ06AA3,CARRIER,$566
180BNA024000,CARRIER,$123
ERVCRLHB1200,CARRIER,$191
GZ060SXXCXXX1XX1,CARRIER,$360
GZ048SXXCXXX1XX1,CARRIER,$951
GZ024SXXNDXX1XX1,CARRIER,$382
RAV-SP240KRT-UL,CARRIER,$312
UVLBB2LP1020,CARRIER,$358
24ACC448A003,CARRIER,$633
24VNA060A003,CARRIER,$812
48FCEA06A2A5-0A0A0,CARRIER,$812
SYSTXCCNIM01,CARRIER,$747
33CS2PP2S-03,Payne,$423
48VGNE600903-TP,Payne,$336
58TN0A110C21--20,Payne,$937
25HNB660A003,Payne,$337
24ACB748A003,Payne,$392
58SB0A045E17--12,Payne,$301
25HCC530A003,Payne,$965
--HL--38MG-029,Payne,$165
25HCE460AP03,Payne,$146
24ACB760AB03,Payne,$289
48VLNE480903-TP,Payne,$440
50FC-A06A2A5-0A0A0,Payne,$800
TC-PAC01-A,Payne,$758
58SC0A070E14--12,Payne,$251
TB-NHP01,Payne,$163
50TC-D14A2A6-0A0G0,Payne,$954
25HCE442A003,Payne,$692
25HCE448AP03,CARRIER,$349
50FC-A05A2A5-0A0A0,CARRIER,$838
38AUZA08A0A6-0A0A0,CARRIER,$928
24AHA448A003,CARRIER,$248
48FCEA05A2A6-0A0A0,CARRIER,$412
48FCEA06A2A6-0A0A0,CARRIER,$785
CH14NA01800G,CARRIER,$673
24APB630A003,CARRIER,$367
48FCDA04A2A5-0A0A0,Payne,$855
50TC-M12A2B5-0A0A0,Payne,$145
25HPB660A003,Payne,$567
MMK-AP0093H2UL,Payne,$682
50ZPC042---3-TP,Payne,$242
24ACA448C003,Payne,$228
MMU-AP0091MH2UL,Payne,$976
40RUAA07A2A6-0A0A0,Payne,$257
50FC-A04A2A3-0A0A0,Payne,$949
SYSTXCCITC01-B,Payne,$962
40MAQB18B--3,Payne,$754
25VNA836A003,Payne,$298
25HNB636C003,Payne,$403
40MAQB09B--3,Payne,$993
59SC2D080E17--16,Payne,$168
TP-PHP01-A,Payne,$167
24ABC636A003,Payne,$135
CH14NB030P0G,Payne,$951
24ACC430A003,Payne,$295
24VNA948A003,CARRIER,$110
59MN7B080C21--20,CARRIER,$403
KFADG0101SML,CARRIER,$149
RGS089SECA0AAA,CARRIER,$433
50VT-C36---3-TP,CARRIER,$537
24VNA949A003,CARRIER,$487
58CVA070---1--12,CARRIER,$689
48VLNC480905,CARRIER,$922
24VNA636A003,CARRIER,$983
59TN6B120C24--22,CARRIER,$687
50VR-A42---3-TP,CARRIER,$457
25HCE436AP05,CARRIER,$696
25HCE448AP05,CARRIER,$507
25VNA024A003,CARRIER,$811
CH14NB060P0G,CARRIER,$210
59TN6B080C17--14,CARRIER,$522
59SC2D060E17--14,CARRIER,$742
50TC-D09A2B5-0A0G0,CARRIER,$775
24ACC624A003,CARRIER,$701
58SB0A070E17--12,CARRIER,$126
ZONECC3ZHP01,CARRIER,$221
TP-PAC01-A,CARRIER,$365
48VGNE480903-TP,CARRIER,$362
48TCFD16A3A5-0A0G0,CARRIER,$822
24ABC630A003,CARRIER,$718
24ACA424C003,CARRIER,$361
48TCDD12A2A5-0A0G0,CARRIER,$273
50VT-C48---3-TP,CARRIER,$104
24APB660A003,CARRIER,$845
50FC-A05A2A6-0A0A0,CARRIER,$456
MCY-MAP0607HS-UL,CARRIER,$162
50ZPC060---3-TP,Payne,$944
MMK-AP0073H2UL,CARRIER,$565
MMU-AP0151MH2UL,TEMPSTAR US,$452
24ANB736A003,ARCOAIRE US,$319
24ABB336A006,HEIL US,$315
24ABB360A005,Bryant,$416
58TN0A090C17--16,Bryant,$977
58SC0A070E21--16,CARRIER,$289
40RUAA08A2A6-0A0A0,CARRIER,$645
SYSTXCCSMS01-B,CARRIER,$990
24VNA925A003,CARRIER,$399
25HCE424A003,CARRIER,$486
50FC-A06A2A3-0A0A0,CARRIER,$743
CH14NB01800G,Bryant,$506
24ANB630A003,CARRIER,$988
24VNA924B003,CARRIER,$362
59SC5B060E17--14,CARRIER,$927
48VL-E300603-TP,CARRIER,$565
38MAQB09---3,CARRIER,$855
50FC-A04A2B5-0A0A0,CARRIER,$517
24ACB736A003,CARRIER,$458
FEM4X2400CL,CARRIER,$648
WPG4364060LKDTP,CARRIER,$856
WCH4364GKB,CARRIER,$668
WCA4304GKA,CARRIER,$557
WLNC304AA,CARRIER,$888
WLNH364BA,CARRIER,$317
CRSINGLE047A00,CARRIER,$672
EHK05AKN,CARRIER,$509
CRRFCURB003A01,CARRIER,$418
CRRFCURB001A01,CARRIER,$532
FMA4X3600AL,CARRIER,$589
PA4ZNB036000--TP,CARRIER,$287
PA4ZNB036000,CARRIER,$504
KSAHS0901AAA,CARRIER,$286
PA4ZNB030000--TP,CARRIER,$498
EHK10AKB,CARRIER,$528
EHK15AKB,CARRIER,$337
EHK05AKB,CARRIER,$807
KGANP2801F80,CARRIER,$648
WCH4364GKA,CARRIER,$180
WPG4364060RKDTP,CARRIER,$987
WLNH484CA,CARRIER,$408
WPG4424060LKDTP,CARRIER,$141
WAPL184A,CARRIER,$407
WAHL184B,CARRIER,$218
WPG4364090LKB,CARRIER,$886
WLAM374BA,CARRIER,$288
WAHL304B,CARRIER,$921
WPG3364060RKC,CARRIER,$771
WCH4484GKA,CARRIER,$386
WCH4244GKB,CARRIER,$949
WLNC304BA,CARRIER,$691
WCH4484GKB,CARRIER,$954
WPH4484000RKBTP,CARRIER,$989
FXM4X3600AL,CARRIER,$500
577CNWE36060--TP,CARRIER,$830
619PHAQ18XA3,CARRIER,$899
FB4CNF036000,CARRIER,$739
R4H436GKC,CARRIER,$493
T6-PRH01-RP,CARRIER,$434
WLNC244AA,CARRIER,$397
38MPRAQ18AA3,CARRIER,$612
577CNWE60130--TP,CARRIER,$473
FB4CNF024000,CARRIER,$193
FB4CNP018000,KEEPRITE CAN,$133
NAEB20301TX,CARRIER,$879
113ANA0360N0,CARRIER,$891
577CNWC60115--GP,CARRIER,$152
ENH4X48L21A,CARRIER,$443
WPG4604090LKB,CARRIER,$886
WCA4364GKA,CARRIER,$813
WAPL364A,CARRIER,$756
NPLPCONV013C00,CARRIER,$517
WPG4364090RKB,CARRIER,$216
WAHL604B,CARRIER,$700
WPG4484090LKDTP,CARRIER,$445
WPG4484090RKBTP,CARRIER,$414
WPG4424090RKB,CARRIER,$499
WCA5304GKA,CARRIER,$904
WPG4424060LKB,CARRIER,$949
WFEL090C048B,CARRIER,$900
WFEL070A036B,CARRIER,$755
WJA442000KTP0A,CARRIER,$874
WCH4424GKA,CARRIER,$322
WCA5364GKA,CARRIER,$618
WFER110C060A,CARRIER,$820
WFEU080C060A,CARRIER,$627
WPG4364060LKD,CARRIER,$529
FE4ANF005L00,CARRIER,$205
CNPVP6124ALA,CARRIER,$568
AGAGC8NPS01A,CARRIER,$476
EHK205B,CARRIER,$333
KSBTX0201PUR,CARRIER,$185
CPHEATER064A00,CARRIER,$560
CPHEATER130A00,CARRIER,$440
CPHEATER129A00,CARRIER,$997
CNPVP1917ALA,CARRIER,$376
FFMANP024000,CARRIER,$964
CPHEATER050A00,CARRIER,$288
CPHEATER131A00,CARRIER,$635
HUMCRSBP2412,CARRIER,$309
KGANP50011SP,CARRIER,$485
KGBFR0701B24,CARRIER,$751
KFCEH2501C08,CARRIER,$604
EHK2-10B,CARRIER,$139
KFADC0201SLP,CARRIER,$730
KFCEH3201F20,CARRIER,$921
KFACB0201CFB,CARRIER,$797
KSBTX0601HSO,CARRIER,$679
KFADC0401ACL,CARRIER,$347
KLABR0201BEC,CARRIER,$896
KSBTX0701HSO,CARRIER,$785
ERVCRNVA1090,CARRIER,$330
DEHCRCDB1095-A04,CARRIER,$908
DEHCRCDA1070,GRANDAIRE PL,$414
R4A448GKB,GRANDAIRE PL,$569
WAHL364B,GRANDAIRE PL,$463
WAPL304A,GRANDAIRE PL,$340
WAPL244A,GRANDAIRE PL,$855
WCA3364GKC,HEIL CAN,$566
WPG4244040LKDTP,COMFORTMAKER US,$225
WAHL244C,COMFORTMAKER CML US,$967
WFER090C048A,COMFORTMAKER CML US,$346
WCA5604GKA,AIR COLD DAY AND NIGHT US,$169
WPG4484115RKDTP,Generic,$181
WPG4604090LKDTP,Generic,$399
WFAX100C060A,Generic,$292
WPG4484090RKDTP,Generic,$945
WAPL484A,HEIL US,$909
WPG4424090LKDTP,HEIL US,$133
WFEU060B048A,KEEPRITE CAN,$280
WPG4364090RKBTP,TEMPSTAR COMMERCIAL US,$175
WFER045A036A,TEMPSTAR COMMERCIAL US,$909
WPG4604090RKDTP,TEMPSTAR US,$866
WFER070B036A,GRANDAIRE PL,$986
WPG4424090RKDTP,GRANDAIRE PL,$396
WFER070A036A,GRANDAIRE PL,$838
ERVCRSHB1100,GRANDAIRE PL,$515
KFCEH0401N03,GRANDAIRE PL,$300
UVLCR2LP1020-A05,GRANDAIRE PL,$914
KSBTX0301PUR,GRANDAIRE PL,$155
KGBFR0601B21,GRANDAIRE PL,$879
KFCEH3001F15,GRANDAIRE PL,$635
KFCEH0501N05,GRANDAIRE PL,$720
HRVCRLHB1150,GRANDAIRE PL,$325
KAALS0101LLS,GRANDAIRE PL,$252
HUMCRWBP2417,GRANDAIRE PL,$562
HRVCRSVU1157,GRANDAIRE PL,$139
KSATX0201PUR,GRANDAIRE PL,$500
KSATX0301PUR,Bryant,$608
KSATX0401PUR,Bryant,$186
DGAPAXX1625,Bryant,$460
HUMCRLFP1518,Bryant,$934
DGAPAXX2020,Bryant,$571
KSBTX0401PUR,Bryant,$118
DHMSHAQ24XA3,Bryant,$171
KGCNP5201VSP,Bryant,$421
40MBFQ24---3,Bryant,$220
KGBNP50011SP,Bryant,$109
KSATX1001HSO,Bryant,$247
KSATX0701HSO,Bryant,$530
KSAHS1001AAA,Bryant,$429
DGAPAXX2025,Bryant,$934
DEHCRCDA1095,Bryant,$770
KFCEH3401F24,Bryant,$515
DGAPAXX2420,DAYAND NIGHT COMMERCIAL US,$202
CPLOUVER019A00,GRANDAIRE PL,$343
KSATX0501PUR,GRANDAIRE PL,$548
40MBFQ18---3,GRANDAIRE PL,$929
KGANP4601ALL,GRANDAIRE PL,$581
HUMCRSTM3134,GRANDAIRE PL,$469
KGBFR0401B14,GRANDAIRE PL,$230
HUMCRLFP1518-A24,GRANDAIRE PL,$307
HRVCRLHB1250,GRANDAIRE PL,$139
KSBTX1001HSO,GRANDAIRE PL,$882
KSAHS1501AAA,GRANDAIRE PL,$665
KLABR0301BEC,GRANDAIRE PL,$483
UVLCR1LP1020,GRANDAIRE PL,$640
KAALS0201LLS,GRANDAIRE PL,$281
KLABR0101BEC,GRANDAIRE PL,$826
UVLCR2LP3020,GRANDAIRE PL,$336
40MBCQ24---3,GRANDAIRE PL,$554
EHK2-05B,GRANDAIRE PL,$261
KFCEH2901N09,GRANDAIRE PL,$919
DHMSHAQ09XA3,GRANDAIRE PL,$642
DHMSHAQ12XA3,GRANDAIRE PL,$503
HUMCRLBP2417-A24,Payne,$780
DHMSHAQ18XA3,Payne,$506
FB4CNP061L00,Payne,$476
WLNC604DA,Payne,$708
WPG4364060LKBTP,Payne,$678
WCA4604GKA,Payne,$611
WPG4364060RKBTP,Payne,$116
WPG4424090RKBTP,Payne,$829
WPG4484115RKB,Payne,$165
WCH4184GKB,SMARTCOMFORT,$870
WPG4484090LKBTP,Bryant,$575
WCA5484GKA,Bryant,$512
WPG4604090LKBTP,Bryant,$933
WPG4244060RKBTP,Bryant,$736
WPG4364060LKB,Bryant,$928
WPH4304000RKBTP,Bryant,$793
WLNC364BA,Bryant,$648
WCH4604GKB,Bryant,$903
WPG4304060LKDTP,Bryant,$389
FE4ANB003L00,Bryant,$323
CNPVU3017ALA,Bryant,$725
38MAQB24R--3,Bryant,$561
OBMAAB036098,Bryant,$595
FMA4P1800AL,Bryant,$792
FMC4Z3600AL,Bryant,$516
CA13NA0420NG,Bryant,$495
CA13NA04200G,Bryant,$956
38MHRBQ12AA1,Bryant,$856
PH4ZNA060000,Bryant,$295
CA13NA024BNG,Generic,$629
CNRVU4221ALA,Generic,$776
CPHEATER050B00,Generic,$316
CNRVU3014ALA,Generic,$365
PA4ZNA030000,Generic,$423
40MBFQ12---3,Generic,$819
40MBDQ18---3,Generic,$761
FMA4P3000AL,Generic,$549
38MPRAQ12AA3,Generic,$450
WPG4424090LKB,Generic,$411
WPH4364000RKB,Generic,$582
WLAM604DA,Generic,$776
WLNC424CA,Generic,$613
WPH4364000RKBTP,Generic,$732
WPH4604000RKB,Generic,$113
38AUZA25A0A6-0A0A0,Generic,$386
UVLBB2LP3020,DAYAND NIGHT COMMERCIAL US,$848
EHK07AKN,DETTSON CAN,$809
WFMR110C048B,DETTSON CAN,$151
WFAR080C060C,DETTSON CAN,$966
WJH430000KTP0A,DETTSON CAN,$159
WPH4424000RKB,DETTSON CAN,$292
WAPL424A,DETTSON CAN,$384
R4A424GKB,DETTSON CAN,$690
WPA4484000RKBTP,ECOTEMP PL,$978
KFCEH1801F20,ECOTEMP PL,$918
WJA436000KTP0A,ECOTEMP PL,$169
38MPRAQ24AA3,ECOTEMP PL,$497
WPG4244040LKBTP,ECOTEMP PL,$270
WPG4244060RKA,ECOTEMP PL,$468
WFML110C066B,ECOTEMP PL,$325
59MN7B080V21--20,ECOTEMP PL,$628
WFMR070A036B,ECOTEMP PL,$380
38MHRBQ18AA3,ECOTEMP PL,$971
CAPMP4821ALA,ECOTEMP PL,$317
40MBCQ09---3,ECOTEMP PL,$836
CRECOMZR078A00,ECOTEMP PL,$148
PA4ZNA048000--TP,ECOTEMP PL,$275
CRHUMDSN001B00,ECOTEMP PL,$288
38MBRQ36A--3,ECOTEMP PL,$318
CAPVU3621ACA,ECOTEMP PL,$454
FX4DNF061L00,ECOTEMP PL,$739
CPHEATER125A00,Generic,$705
CPHEATER054A00,Generic,$639
CPHEATER070A00,Generic,$855
FMA4P2400AT,Generic,$855
40MPHAQ18XA3,Generic,$766
WLNC244BA,Generic,$751
WFML090C048B,Generic,$548
WAHL604A,Generic,$551
WFMR090B042B,Generic,$116
NAEB20101TX,Generic,$221
WLSH304AA,Generic,$991
WCH4244GKP,Generic,$363
WCH4304GKB,Generic,$438
WCH4424GKB,Generic,$997
WPG4484090RKB,Generic,$759
R4A436GKB,Generic,$267
WPG4484090LKB,Generic,$230
WCA5424GKA,Generic,$167
WLNC424BA,Generic,$230
WPG4424090LKBTP,Generic,$540
WCA4484GKA,Generic,$800
WJA460000KTP0A,Generic,$575
CPHEATER132A00,Generic,$180
FE4ANB006000,Generic,$275
CAPVU3614ALA,Generic,$723
CPHEATER066A00,Generic,$918
FX4DNF031L00,Generic,$503
40MHHQ12---1,Generic,$669
CAPVU3017ALA,Generic,$473
PA4ZNA042000,Generic,$266
38MAQB09R--3,Generic,$823
CRECOMZR080A00,Generic,$891
CRHPLSIDE02A00,Generic,$657
CRECOMZR052A00,Generic,$837
40VML009---3,Generic,$157
NAHD00901LP,Generic,$475
WLNC484CA,Generic,$524
WCA4424GKA,Generic,$786
T1-NAC01,Generic,$932
WFML090B042B,Generic,$918
38VMB060HDS3-1,Generic,$209
FEM4X6000BL,Generic,$788
WCA4244GKA,Generic,$611
WJH442000KTP0A,Generic,$374
WCA3244GKG,Generic,$279
FVM4X6000BL,Generic,$197
40MPHAQ24XA3,Generic,$900
25HCD348A005,Generic,$966
WCH4484GKP,Generic,$698
48VR-E300603-GP,Generic,$924
WPH4604000RKBTP,Generic,$875
WPG4304060LKB,Generic,$107
48FCEA06A3A5-0A0A0,Generic,$691
NAEB20201TX,Generic,$555
PY4GNAE48090--TP,Generic,$561
PY4GNAB42090N,Generic,$803
PY4GNAE60115N-TP,CARRIER,$678
PY4GNAB42060--TP,CARRIER,$825
PY4GNAE36090,CARRIER,$909
PA13NA0240NG,CARRIER,$599
PY4GNAE60090,CARRIER,$791
PY4GNAE30040--TP,CARRIER,$491
PY4GNAB42060N,ECOTEMP PL,$577
PA13NA042BN0,GRANDAIRE PL,$944
PY4GNAB60130--TP,GRANDAIRE PL,$497
PY4GNAE30060--TP,GRANDAIRE PL,$152
PY4GNAB36060--TP,GRANDAIRE PL,$843
PH4GNAB42000--LT,GRANDAIRE PL,$707
PY4GNAB30060N,GRANDAIRE PL,$276
WCH4184GKP,GRANDAIRE PL,$863
WPH4244000RKB,GRANDAIRE PL,$192
WPH4244000RKBTP,GRANDAIRE PL,$813
WAHL484B,GRANDAIRE PL,$193
WFER090B042A,GRANDAIRE PL,$185
WLNH244BA,GRANDAIRE PL,$1000
619PHAQ12XA3,GRANDAIRE PL,$935
113ANA0420N0,GRANDAIRE PL,$443
180CNV036000,GRANDAIRE PL,$340
105ANA048000,GRANDAIRE PL,$487
226ANA048000,GRANDAIRE PL,$623
280ANV036000,GRANDAIRE PL,$321
800SA60090E21,CARRIER,$750
114CNA036000,CARRIER,$781
577CNWE36060N-TP,CARRIER,$158
280ANV060000,CARRIER,$615
284ANV060000,CARRIER,$591
986TC42080C17,CARRIER,$171
116BNA036000,CARRIER,$515
BA13NA024BNG,CARRIER,$292
577CNWE30040N-TP,CARRIER,$292
114CNA024000,CARRIER,$136
577CNWC36090,CARRIER,$715
577CNWC48115--TP,CARRIER,$284
810SA42090E17,CARRIER,$625
BA14NA04200G,CARRIER,$450
801SA60090E21,CARRIER,$483
126CNA048000,CARRIER,$183
912SC36060S14,CARRIER,$411
987MA42080V17,CARRIER,$982
BH14NB02400G,CARRIER,$642
BH14NB042P0G,CARRIER,$629
912SD60080E21,CARRIER,$816
T1-PAC01-A,CARRIER,$789
T1-NAC01-A,CARRIER,$481
577CNWE48090N-TP,CARRIER,$550
BH14NB04200G,CARRIER,$746
912SD36040E17,CARRIER,$531
SYSTXBBRWF01,CARRIER,$681
180BNA036000,CARRIER,$846
214DNA036000,CARRIER,$737
123ANA030BN0,CARRIER,$194
607CNXC36000--TP,CARRIER,$813
BH14NB03000G,GRANDAIRE PL,$642
801SA36070E14,GRANDAIRE PL,$456
215BNA037P00,GRANDAIRE PL,$503
214DNA048000,GRANDAIRE PL,$606
BH14NB06000G,CARRIER,$715
215BNA060P00,CARRIER,$723
BA14NA06000G,CARRIER,$104
187BNA036000,CARRIER,$702
189BNV049000,CARRIER,$536
116BNA042000,CARRIER,$831
189BNV024000,CARRIER,$422
820SA60070V21,CARRIER,$815
987MA66100V21,CARRIER,$650
UVLBB1LP1020,CARRIER,$674
577CNWE30060,CARRIER,$704
619PEQ009BBMA,CARRIER,$897
310AAV036110,CARRIER,$925
619PEQ018BBMA,CARRIER,$659
SYSTXBBECC01-B,CARRIER,$749
214DNA030000,CARRIER,$360
214DNA024000,CARRIER,$612
577CNWE60115,CARRIER,$150
SYSTXBBRRS01,CARRIER,$378
607CNXC24000--TP,CARRIER,$859
SYSTXBBWEC01-B,CARRIER,$874
189BNV024B00,CARRIER,$993
800SA36070E14,CARRIER,$840
880TA48090C17,CARRIER,$677
226ANA060000,CARRIER,$235
214DNA030P00,CARRIER,$445
186CNV048000,CARRIER,$902
280ANV048000,CARRIER,$806
226CNA024000,CARRIER,$413
114CNA048000,CARRIER,$988
225BNA024000,CARRIER,$874
987MA42060V17,CARRIER,$818
BH14NB018P0G,CARRIER,$793
880TA36045C17,CARRIER,$685
289BNA036000,CARRIER,$840
226ANA024000,CARRIER,$912
215BNA048000,CARRIER,$791
577CNWC48090N-TP,CARRIER,$719
215BNA060000,CARRIER,$668
113APA036000,CARRIER,$273
PH14NB03000G,CARRIER,$852
PG80ESAA60110C,CARRIER,$622
PG80ESAA36045A,CARRIER,$827
PA16NA03000G,CARRIER,$705
PG92ESAA48080B,CARRIER,$216
PH14NB024P0G,CARRIER,$741
PA15NC04200G,CARRIER,$883
PA13NA0360NG,CARRIER,$399
PG8JAA036070,Bryant,$453
PF4MNP030L00,Bryant,$801
PA13NA030000,Bryant,$476
PH4GNAB48000--TP,Bryant,$176
PG8MAA060155,Bryant,$866
PG80ESLA36070B,Bryant,$333
PH4GNAB60000--TP,Bryant,$952
PF4MNB019L00,Bryant,$154
PY4GNAB42090N-TP,Bryant,$796
PG8MAA036045,Bryant,$459
PY4GNAE60090N,Bryant,$582
PG96VTAA60080C,Bryant,$302
PG80ESAA60090C,Bryant,$887
PA15NC01800G,Bryant,$775
PA13NA018000,Bryant,$365
PY4GNAE30040N,CARRIER,$930
PA13NA036BNG,CARRIER,$390
PH16NC02400G,CARRIER,$113
PG8JAA048110,CARRIER,$306
PG95SAS60120D,CARRIER,$593
PY4GNAC30040N-TP,CARRIER,$639
PY4GNAB48090--TP,CARRIER,$388
PA14NC01800G,CARRIER,$908
912SD42060E17,CARRIER,$867
987MB66100C21,CARRIER,$130
800SA42090E17,CARRIER,$226
820TA66110V21,CARRIER,$213
986TC42060C17,CARRIER,$895
577CNWC36060N-TP,CARRIER,$143
801SA36045E14,CARRIER,$252
BH14NB03600G,CARRIER,$367
810SA36045E14,CARRIER,$905
821TA48090V17,CARRIER,$102
607CNXC60000--TP,CARRIER,$666
607ENXC30000--AD,CARRIER,$774
215BNA030P00,CARRIER,$358
113AEA036000,CARRIER,$828
284ANV048000,CARRIER,$529
113ANA036BN0,CARRIER,$449
607CNXC30000--TP,CARRIER,$207
186CNV060000,CARRIER,$772
912SD48080E17,CARRIER,$952
286BNA024000,CARRIER,$600
577CNWE42090--TP,CARRIER,$484
800SA60110E21,CARRIER,$508
619PAQ012BBMA,CARRIER,$915
214DNA018000,CARRIER,$590
820TA48090V17,CARRIER,$486
PH14NB04200G,CARRIER,$716
PH14NB03600G,CARRIER,$949
PY4GNAE24040N,Bryant,$937
PA14NC06000G,Bryant,$381
PF4MNB025L00,Bryant,$955
PA13NA030BN0,Bryant,$540
PY4GNAE60090N-TP,Bryant,$262
PH4GNAB48000,Bryant,$211
PG95SAS60140D,Bryant,$373
PH4GNAB42000,Bryant,$146
PA13NA048BNG,Bryant,$582
PA13NA0360N0,Bryant,$751
PG92SCS48060B,Bryant,$206
PY4GNAE42060N-TP,Bryant,$910
PA14NC030000,Bryant,$856
PA13NA036BN0,Bryant,$594
PG8JAA024070,Bryant,$736
PA13NA04200G,Bryant,$445
PY4GNAB24040N,Bryant,$319
PG80ESLA60090C,CARRIER,$162
PG92SCS60100C,CARRIER,$154
PG96VTAA60100C,CARRIER,$270
PG96VAT60100C,CARRIER,$880
619PEQ036BBMA,CARRIER,$498
810SA60110E21,CARRIER,$484
116BNA060000,CARRIER,$994
114CNA042000,CARRIER,$315
288BNV036000,CARRIER,$373
BH14NB01800G,CARRIER,$527
114CNA030000,CARRIER,$620
RGH060SECA0AAA,CARRIER,$614
DLFSHAH36XAK,CARRIER,$839
105ANA030000,TEMPSTAR US,$316
116BNA060B00,CARRIER,$440
987MB42080C17,CARRIER,$868
BH14NB024P0G,CARRIER,$336
113ANA030BN0,CARRIER,$640
912SC60100S21,CARRIER,$223
915SB30040E14,CARRIER,$812
126CNA036000,CARRIER,$250
214DNA024P00,CARRIER,$420
986TC66120C24,CARRIER,$928
915SB48080E17,CARRIER,$882
800SA36045E14,CARRIER,$382
113ANA048BN0,CARRIER,$191
BA14NA03600G,CARRIER,$659
810SA48070E21,CARRIER,$906
214DNA042000,CARRIER,$159
280ANV024000,CARRIER,$420
124ANS048000,CARRIER,$326
126CNA042000,CARRIER,$839
214DNA042P00,CARRIER,$740
BA14NA01800G,CARRIER,$235
577CNWE48090,CARRIER,$372
811SA60110E21,CARRIER,$391
288BNV024000,CARRIER,$265
607ENXA48000--TP,CARRIER,$561
T2-NAC01-A,CARRIER,$800
821SA60090V21,CARRIER,$283
986TB42060V17,CARRIER,$157
123ANA024BN0,Payne,$352
286BNA048000,Payne,$852
926TB66120V24,Payne,$837
FXM4X4800AL,Payne,$619
TVH836GKA,Payne,$600
48FCEM07A2A5-0A0A0,Payne,$604
FN1AAF006000,Payne,$964
CCA760GKB,Payne,$205
PY4GNAB30060,Payne,$281
FN1AAF015000,Payne,$563
END4X60L24A,Payne,$690
PY4GNAE42060--TP,Payne,$439
EHK20AKB,Payne,$270
PY4GNAE36060--TP,Payne,$587
PY4GNAE60090--TP,Payne,$412
PY4GNAB36090N,Payne,$379
PF4MNB025000,Payne,$282
PA13NA0180N0,Payne,$211
PA13NA0180NG,Payne,$444
PY4GNAB24040--TP,Payne,$369
PY4GNAB60090,Payne,$499
PY4GNAB60090--TP,Payne,$728
PY4GNAE24040--TP,Payne,$498
CVA948GKA,Payne,$234
25HCD336A005,Payne,$813
WLAM484CA,Payne,$622
40RUAA08T2A5-0A0A0,Payne,$406
KGAFR0801SRE,Payne,$476
WLNC484DA,Payne,$243
FX4DNF037000,Payne,$626
WPG4244040RKB,Payne,$863
WPG4304040LKCTP,GRANDAIRE PL,$117
WPG4364090LKBTP,GRANDAIRE PL,$491
48VR-B480903-GP,GRANDAIRE PL,$980
KFCEH1501F15,GRANDAIRE PL,$554
EHK10AKN,GRANDAIRE PL,$258
WPH4424000RKBTP,GRANDAIRE PL,$320
EBAC02NCB,GRANDAIRE PL,$736
WLNH604DA,GRANDAIRE PL,$632
PA13NA0300NG,GRANDAIRE PL,$539
PH14NB03700G,GRANDAIRE PL,$541
CRMANDPR002A03,GRANDAIRE PL,$170
CRHEATER282A00,GRANDAIRE PL,$624
CRHEATER283A00,GRANDAIRE PL,$812
FEM4X4800BL,GRANDAIRE PL,$414
EHK310B,Bryant,$326
CRHEATER105A00,Bryant,$545
CRHEATER110A00,Bryant,$762
CRLVHLGD016A00,Bryant,$588
EHK210B,Bryant,$967
WFMR070A024B,Bryant,$845
WPH4304000RKB,Bryant,$698
WAHL424B,Bryant,$253
WPH4484000RKB,Bryant,$815
WLAM424CA,Bryant,$296
WPG4424060LKBTP,Bryant,$479
CALVHLGD011A00,Bryant,$782
CRSINGLE049A00,Bryant,$691
CPMANDPR009A00,Bryant,$173
CRSINGLE057A00,Bryant,$313
CALVHLGD005A00,Bryant,$267
CRTWOPOS010A00,Bryant,$427
END4X36L17A,Bryant,$424
CRLVHLGD032A00,Bryant,$193
CRHEATER112A00,Bryant,$740
CRSTATUS001A00,Bryant,$703
OLR154F20A,Bryant,$211
CNPVU4324ALA,Bryant,$190
CNPVU6124ALA,Bryant,$572
38MARBQ12AA1,Bryant,$152
Testproduct1,Bryant,$426
DLFUAAH24XAK,Bryant,$912
Testproduct2,Bryant,$835
24ACC618A003,Bryant,$537
